URL,TITLE,COMPANY,LOCATION,SALARY,SUMMARY
https://kr.indeed.com/jobs?q=javascript&vjk=78c3665e80163fa,"[신입, 경력] HTML5 기반 JAVASCRIPT 개발자",,경기도 부천,,
https://kr.indeed.com/jobs?q=javascript&vjk=d59f9f473864619,웹프로그래머,,전주 덕진구,"연봉 26,000,000원 - 35,000,000원",
https://kr.indeed.com/jobs?q=javascript&vjk=91741a6333cc5d7,스타트업 정규 개발직 경력사원,,서울 강남구,"연봉 40,000,000원 - 50,000,000원",
https://kr.indeed.com/jobs?q=javascript&vjk=505c4d38bee5861,신입 개발자 및 PC유지보수 직원,,대한민국,,
https://kr.indeed.com/jobs?q=javascript&vjk=57bffe2e297646f,"(주)데이타뱅크시스템즈 신입, 경력직",,대구 남구,,
https://kr.indeed.com/jobs?q=javascript&vjk=b31f0639864bc5d,금융분야 IT운영 경력사원 채용,한화그룹,서울,,
https://kr.indeed.com/jobs?q=javascript&vjk=48539e7e988b309,인테리어 직원,,서울 강남구,"연봉 24,000,000원 - 30,000,000원",
https://kr.indeed.com/jobs?q=javascript&vjk=512e5c44f34a784,"개발자, 디자이너 신입 정규직",,서울,,
https://kr.indeed.com/jobs?q=javascript&vjk=d5ceb537cf86838,2021년 레이팩트 웹퍼블리셔(프론트엔드),,서울 마포구,"연봉 24,000,000원 - 28,000,000원",
https://kr.indeed.com/jobs?q=javascript&vjk=e2f6d3cf9f96c59,HR시스템 경력사원 채용,한화그룹,서울,,
https://kr.indeed.com/jobs?q=javascript&vjk=2dbe4c7e2066d83,"css, 웹퍼블리셔(HTML코딩) 외 경력 정규직",,서울 강남구,"연봉 50,000,000원 - 60,000,000원",
https://kr.indeed.com/jobs?q=javascript&vjk=46c0b9ef0900570,[2021년 대중소기업 상생 일자리 프로그램] LG CNS 사업단 협력사 - (주)메인정보시스템,,서울,,
https://kr.indeed.com/jobs?q=javascript&vjk=1af973e75a47ac4,11번가 마이데이터 Fintech 개발 직군,,서울 강남구,,
https://kr.indeed.com/jobs?q=javascript&vjk=d1419b95fd918c9,"오토하이테크(주) 기술개발부 신입사원(전기전자/ Arduino, JavaScript 우대)",,서울 금천구,,
https://kr.indeed.com/jobs?q=javascript&vjk=bade80833bbd092,Front-end Engineer (Javascript),,서울 강남구,,
https://kr.indeed.com/jobs?q=javascript&vjk=3c471efb2aaf10d,"백엔드, 클라이언트개발 신입/경력 정규직",,부산 사하구,,
https://kr.indeed.com/jobs?q=javascript&vjk=89d35930b8f6dec,10월 11번가 Backend 개발 경력공채,,서울 중구,,
https://kr.indeed.com/jobs?q=javascript&vjk=e546effb1f55066,PAYCO 핀테크 개발/기획,NHN PAYCO,성남 판교역,,
https://kr.indeed.com/jobs?q=javascript&vjk=63c2e3ae9996f19,[2021년 대중소기업 상생 일자리 프로그램] LG CNS 사업단 협력사 - 에스큐앤티 주식회사,,서울 마포구,,
https://kr.indeed.com/jobs?q=javascript&vjk=d288b9f48be06f5,홈페이지 운영 직원,,서울 금천구,"연봉 24,000,000원 - 26,000,000원",
https://kr.indeed.com/jobs?q=javascript&vjk=ffc25993dec74e4,SK 렌터카 시스템 개발/운영 경력직 영입,,서울특별시,,
https://kr.indeed.com/jobs?q=javascript&vjk=1d0e51e2e431995,[농심ENG] 신입/경력사원 정기채용,,서울 신대방동,,
https://kr.indeed.com/jobs?q=javascript&vjk=8da407deb428acf,서비스디자인팀 디자이너,NHN SOFT,성남 판교역,,
https://kr.indeed.com/jobs?q=javascript&vjk=a93531f4b5e3fc5,[2021년 대중소기업 상생 일자리 프로그램] 미라콤 사업단 협력사 - (주)에스에이치아이,,경기도 군포,,
https://kr.indeed.com/jobs?q=javascript&vjk=63e723cf055ddf1,[자코모] 웹퍼블리셔(HTML코딩) 경력 정규직,,서울 송파구,,
https://kr.indeed.com/jobs?q=javascript&vjk=67b4b45ba3a82fd,인공지능 대표기업 솔트룩스 각 부문 신입 및 경력사원,,서울 강남구,,
https://kr.indeed.com/jobs?q=javascript&vjk=55a19c92c845685,Developer / Designer recruit,,서울 논현동,,
https://kr.indeed.com/jobs?q=javascript&vjk=bfa2e144b37003a,웹 개발자 경력 정규직,,용인 기흥구,"연봉 30,000,000원 - 35,000,000원",
https://kr.indeed.com/jobs?q=javascript&vjk=fdd1ec500461c09,"프론트엔드, 백엔드 개발 경력 정규직",,서울 강남구,,
https://kr.indeed.com/jobs?q=javascript&vjk=8d27511a1de01da,함께 성장할 프론트엔드 개발자,,대한민국,,
https://kr.indeed.com/jobs?q=javascript&vjk=754be9e3d78fa80,2021년 상반기 R&D 개발자 (병역특례 가능/경력 무관),,인천 연수구,,
https://kr.indeed.com/jobs?q=javascript&vjk=d74dff090d007aa,[개발자] 모비데이즈 웹퍼블리셔 경력직 채용,,서울특별시,,
https://kr.indeed.com/jobs?q=javascript&vjk=19b851d1c415b33,[2021년 대중소기업 상생 일자리 프로그램] LG CNS 사업단 협력사 - (주)코어메이드,,서울,,
https://kr.indeed.com/jobs?q=javascript&vjk=1cfcad810cb2e20,[텐일레븐] 2021 전문연구요원,,서울 마포구,,
https://kr.indeed.com/jobs?q=javascript&vjk=049e04774008564,분당 kt 전산 프로그램 개발/운영 인력,,성남 분당구,,
https://kr.indeed.com/jobs?q=javascript&vjk=6ef898d2fd7cb7c,[2021년 대중소기업 상생 일자리 프로그램] 미라콤 사업단 협력사 - (주)제이비소프트,,서울,,
https://kr.indeed.com/jobs?q=javascript&vjk=369d6fcaea784d7,"Oracle DB DW , SQL , BI 개발 경력 / Tableau 경력,신입",,서울 성동구,,
https://kr.indeed.com/jobs?q=javascript&vjk=5e03c5f1cb3fea5,javascript fullstack 웹프로그래머,,광주 서구,,
https://kr.indeed.com/jobs?q=javascript&vjk=f63d53b1f36e055,(주)위시빈 시스템 개발자,,서울 중구,"연봉 35,000,000원 - 40,000,000원",
https://kr.indeed.com/jobs?q=javascript&vjk=f6721267e14f93c,2021 (주)부에노컴퍼니 웹 애플리케이션 개발자(프론트엔드),,경상남도 김해,,
https://kr.indeed.com/jobs?q=javascript&vjk=db6c9828091227f,11번가 간편결제 플랫폼 Front-End 개발 분야,,서울 중구,,
https://kr.indeed.com/jobs?q=javascript&vjk=a65efb04f931b5c,[유니버스] K-POP 엔터테인먼트 플랫폼 프런트엔드 프로그래머 모집,엔씨소프트,성남 판교역,,
https://kr.indeed.com/jobs?q=javascript&vjk=3f8eb1de24add61,디지털 플랫폼 개발 경력사원,LG전자,서울 영등포구,,
https://kr.indeed.com/jobs?q=javascript&vjk=34d74e4ff3618f1,웹 프론트엔드 엔지니어,,서울 역삼역,,
https://kr.indeed.com/jobs?q=javascript&vjk=1cc91e551cb581d,Integration Engineer,,서울,,
https://kr.indeed.com/jobs?q=javascript&vjk=cf006f7ab9b7d7a,그로스 엔지니어 신입&경력 (정규직),,서울 성동구,,
https://kr.indeed.com/jobs?q=javascript&vjk=5a7a5f952765651,[2021년 대중소기업 상생 일자리 프로그램] LG CNS 사업단 협력사 - 낙스넷 주식회사,,서울,,
https://kr.indeed.com/jobs?q=javascript&vjk=115c46e0d1df11d,[개발자] 모비데이즈 프론트엔드 개발자 경력직 채용,,서울특별시,,
https://kr.indeed.com/jobs?q=javascript&vjk=a81c5929dab5bbb,시스템 개발자,NHN DATA,성남 판교역,,
https://kr.indeed.com/jobs?q=javascript&vjk=f09aff95da8b899,[] 웹 프로그래머 채용공고,,서울 논현동,,
https://kr.indeed.com/jobs?q=javascript&vjk=722d887965a5140,웹 퍼블리셔(웹디자인) 신입/경력직,,강원도 원주,"연봉 25,000,000원 - 32,000,000원",
https://kr.indeed.com/jobs?q=javascript&vjk=27d99e69b1e3805,㈜엑스퍼트컨설팅 HRM부문 신입 및 경력 (퍼블리셔/개발자),,서울 송파구,,
https://kr.indeed.com/jobs?q=javascript&vjk=205dbe0f377472b,[2021년 대중소기업 상생 일자리 프로그램] LG CNS 사업단 협력사 - (주)아이엔에쓰,,서울 마포구,,
https://kr.indeed.com/jobs?q=javascript&vjk=9f1c6fe4b1e96d5,이엔유주식회사 소프트웨어 개발자 신입 및 경력 인재,,대전 유성구,"연봉 28,000,000원 - 30,000,000원",
https://kr.indeed.com/jobs?q=javascript&vjk=ba2d3146d6a4ba1,함께 할 개발자,,서울 성동구,,
https://kr.indeed.com/jobs?q=javascript&vjk=9b909682e069aae,블록체인 센터 백엔드 개발자 (경력),,대한민국,,
https://kr.indeed.com/jobs?q=javascript&vjk=2b372f4d218c8c1,채용 시스템 경력사원 채용,한화그룹,서울,,
https://kr.indeed.com/jobs?q=javascript&vjk=d4a334c479668dd,[2021년 대중소기업 상생 일자리 프로그램] LG CNS 사업단 협력사 - (주)애버커스,,서울,,
https://kr.indeed.com/jobs?q=javascript&vjk=d7e69e0f9a80c16,"(주)엘앰캐드 웹 프로그래머(JAVA, Spring, Javascript) 경력자",,서울 강남구,,
https://kr.indeed.com/jobs?q=javascript&vjk=8efb667a9178951,Diploma Student / Intern - Software Engineering Intern - Korea,SAP,서울,,
https://kr.indeed.com/jobs?q=javascript&vjk=2f56d4b70c1df08,하반기 인턴직 모집,,서울 을지로2가,,
https://kr.indeed.com/jobs?q=javascript&vjk=df228c302c3c8f9,서버개발자(벡앤드) 정규직,,서울 강남구,"연봉 40,000,000원 - 50,000,000원",
https://kr.indeed.com/jobs?q=javascript&vjk=0cf89b6753f1d04,"백엔드, 웹개발 경력 정규직",,서울 서초구,"연봉 40,000,000원 - 50,000,000원",
https://kr.indeed.com/jobs?q=javascript&vjk=7efc31620a1de4a,[쎄듀] 웹/앱 개발 경력자 (최고수준대우),,서울 강남구,,
https://kr.indeed.com/jobs?q=javascript&vjk=baf5abdbcee919d,"아이엠비디엑스생물정보학 전문가 (BI) [아기유니콘 선정,가족친화인증]",,서울 금천구,,
https://kr.indeed.com/jobs?q=javascript&vjk=ccc23a4e453a4cd,프론트엔드 신입/경력 정규직,,서울 서초구,,
https://kr.indeed.com/jobs?q=javascript&vjk=7d3b3050c5d3a52,(주)리쉐니에 - 웹 개발자 / 프런트 엔드 / 백엔드,,수원 영통구,,
https://kr.indeed.com/jobs?q=javascript&vjk=ab593686f7f116f,2021년 하반기 웹개발 경력직,,인천 중구,"연봉 30,000,000원 - 35,000,000원",
https://kr.indeed.com/jobs?q=javascript&vjk=60133aa5c072114,[(주)에너밸리] 신사업 추진 연구(보조)원,,광주광역시,,
https://kr.indeed.com/jobs?q=javascript&vjk=1367eb0c14df955,[고용촉진장려금 대상자 우대] 코딩 가능한 웹디자이너 (html/css),,인천,"연봉 24,000,000원 - 26,000,000원",
https://kr.indeed.com/jobs?q=javascript&vjk=572f081c4b9e0ae,웹퍼블리셔(HTML코딩) 경력 정규직,,서울 서초구,,
https://kr.indeed.com/jobs?q=javascript&vjk=3cf01580ba5eb23,NLP Researcher,,서울,,
https://kr.indeed.com/jobs?q=javascript&vjk=466547f7a557728,자유롭게 소통하며 함께 일할 IT/SW 개발팀 정규직,,경상북도 경산,,
https://kr.indeed.com/jobs?q=javascript&vjk=d31b71ee9969460,"2021년 수원-판교-강남, “청년 직구[職求]하다” JAVA,JSP 웹 개발자 (SW개발자 )",,성남 분당구,"연봉 32,000,000원 - 34,000,000원",
https://kr.indeed.com/jobs?q=javascript&vjk=04bfd9f54ac8623,"[협업툴] Front-End 개발(javascript, React.js, React Native 중, 하나)",,서울 강남구,,
